phase,dimension,group,rows,hours,groups,parakeet_words,parakeet_errors,parakeet_substitutions,parakeet_deletions,parakeet_insertions,parakeet_chars,parakeet_char_errors,parakeet_utterance_error,parakeet_wer,parakeet_cer,parakeet_utterance_error_rate,orukeet_words,orukeet_errors,orukeet_substitutions,orukeet_deletions,orukeet_insertions,orukeet_chars,orukeet_char_errors,orukeet_utterance_error,orukeet_wer,orukeet_cer,orukeet_utterance_error_rate
primary,lang,bg,6892,28.765707065972222,5,204667,30931,18826,4589,7516,1261290,91487,6365,15.112841835762483,7.253446867889225,92.35345327916424,204667,30206,18571,4382,7253,1261290,94372,6281,14.758607885003444,7.482180941734256,91.13464886825305
primary,lang,de,4872,20.322958663194445,2,154409,24327,10708,4836,8783,1043970,109633,4251,15.754910659352758,10.501546979319329,87.25369458128078,154409,21318,8599,4146,8573,1043970,99220,4222,13.80619005368858,9.504104524076363,86.6584564860427
primary,lang,el,6730,28.011912690972224,2,209225,212259,165379,25388,21492,1367876,1068964,6730,101.4501135141594,78.14772684073702,100.0,209225,210709,160713,26857,23139,1367876,1083220,6730,100.70928426335286,79.18992657229164,100.0
primary,lang,en,136142,234.31730145833333,2377,2469429,352135,172594,76802,102739,12825547,1108321,89004,14.259774223109877,8.641510572609496,65.37585756048831,2469429,352200,172217,91884,88099,12825547,1117948,89880,14.26240641055078,8.716571698657376,66.01930337441789
primary,lang,et,3554,14.842340243055554,2,92711,35861,23536,4976,7349,649741,97689,3536,38.68041548467819,15.035067819331088,99.49352841868317,92711,27974,16913,3746,7315,649741,75450,3509,30.173334340045947,11.612319370333717,98.73382104670793
primary,lang,fi,5422,22.550108038194445,6,133511,23491,13377,4369,5745,1088356,78459,4862,17.594804922440847,7.208946337411656,89.67170785687938,133511,21566,11839,4258,5469,1088356,73692,4743,16.152976159267777,6.770946271256832,87.47694577646625
primary,lang,fr,744,3.051858246527778,1,29703,5710,3341,1065,1304,176894,20318,694,19.223647443019225,11.4859746514862,93.27956989247312,29703,4378,2205,767,1406,176894,16474,688,14.73925192741474,9.312921862810496,92.47311827956989
primary,lang,hr,15638,65.29728854166666,34,481017,64584,31749,12857,19978,2915240,259252,13697,13.42655249190777,8.892989942509022,87.58792684486507,481017,62873,31292,12104,19477,2915240,252974,13535,13.070847807873735,8.677638890794583,86.55198874536386
primary,lang,it,8714,36.354228229166665,5,276339,178881,132069,24105,22707,1702763,822946,8144,64.73244818863787,48.33003770929953,93.45880192793206,276339,179168,131968,24350,22850,1702763,824674,8150,64.83630613123735,48.43151982982952,93.52765664448015
primary,lang,lt,7319,30.31062480902778,7,177203,68367,48396,8296,11675,1263067,206107,7294,38.581175262269824,16.317978381194347,99.6584232818691,177203,58219,39127,7021,12071,1263067,183436,7263,32.85440991405337,14.523061721983078,99.2348681513868
primary,lang,lv,3343,13.911269496527778,6,85002,48973,36003,9405,3565,586029,149718,3341,57.61393849556481,25.54788244267775,99.9401734968591,85002,36243,27688,3914,4641,586029,94725,3334,42.637820286581494,16.1638758491474,99.73078073586599
primary,lang,mt,3446,14.164583177083333,9,102114,40826,26310,5877,8639,611145,110129,3441,39.98080576610455,18.020109793911427,99.85490423679629,102114,39116,24966,5175,8975,611145,105812,3440,38.306206788491295,17.31373078402016,99.82588508415554
primary,lang,pt,7501,30.932942552083333,6,248257,54814,16396,15987,22431,1458853,239925,7026,22.079538542719842,16.446139535648896,93.66751099853353,248257,54742,16392,15970,22380,1458853,239762,7008,22.050536339358004,16.434966374268004,93.42754299426743
primary,lang,sk,6915,29.010273177083334,11,204904,36988,25473,6590,4925,1244685,99298,6600,18.051380158513254,7.977761441649895,95.44468546637744,204904,31437,20883,5486,5068,1244685,89878,6381,15.342306641158787,7.220943451556016,92.27765726681127
primary,lang,sl,3585,14.836868350694443,3,107920,57047,45049,6451,5547,654135,115177,3578,52.86045218680504,17.607527498146407,99.8047419804742,107920,54161,43157,5624,5380,654135,105247,3575,50.18624907338769,16.08949223019713,99.72105997210599
primary,lang,uk,3239,13.638500086805555,2,89031,13872,6557,1856,5459,586355,53401,2799,15.581089732789703,9.107281425075254,86.41556035813522,89031,13126,6183,1846,5097,586355,50600,2766,14.743179342026934,8.62958446674796,85.39672738499537
primary,source,eurospeech,97182,404.7257972569444,113,2947006,1000194,641631,148794,209769,18618543,3927341,91463,33.939326896518025,21.093707493652968,94.1151653598403,2947006,940735,597514,138205,205016,18618543,3767514,90701,31.921719874340262,20.235278345894198,93.33106953962668
primary,source,gigaspeechbench,124772,189.96863423611111,921,2068982,245824,132459,64315,49050,10566268,696445,78487,11.88139867819053,6.591210822969851,62.9043375116212,2068982,253902,133600,78854,41448,10566268,733454,79461,12.271832234403199,6.941466939888332,63.68496136953804
primary,source,monsoon,2102,5.6243333333333325,1444,49454,3048,1673,340,1035,251135,7038,1412,6.163303271727262,2.802476755529894,67.17411988582303,49454,2799,1599,471,729,251135,6516,1343,5.659805071379464,2.5946204232783163,63.89153187440533
primary,gender,F,1041,2.7806416666666665,685,24721,1406,775,152,479,124988,3229,672,5.687472189636342,2.583448011009057,64.55331412103746,24721,1269,732,191,346,124988,2908,642,5.133287488370212,2.3266233558421607,61.671469740634
primary,gender,M,1061,2.843691666666667,759,24733,1642,898,188,556,126147,3809,740,6.638903489265354,3.0194931310296718,69.74552309142318,24733,1530,867,280,383,126147,3608,701,6.186067197671128,2.8601552157403662,66.06974552309143
primary,region,Andaman and Nicobar Islands,1,0.0032666666666666664,1,35,1,1,0,0,192,4,1,2.857142857142857,2.0833333333333335,100.0,35,1,0,1,0,192,6,1,2.857142857142857,3.125,100.0
primary,region,Andhra Pradesh,248,0.6471499999999999,169,5640,393,215,40,138,29210,924,178,6.968085106382978,3.1633002396439576,71.7741935483871,5640,371,213,62,96,29210,854,166,6.578014184397163,2.923656282095173,66.93548387096774
primary,region,Assam,27,0.06655,19,593,34,18,4,12,3013,77,18,5.733558178752108,2.555592432791238,66.66666666666667,593,26,16,4,6,3013,62,14,4.3844856661045535,2.057749751078659,51.851851851851855
primary,region,Bihar,120,0.31735,82,2771,174,96,11,67,14023,411,76,6.279321544568748,2.9308992369678384,63.333333333333336,2771,162,88,24,50,14023,369,74,5.846264886322627,2.6313912857448476,61.666666666666664
primary,region,Chandigarh,5,0.010308333333333333,3,88,0,0,0,0,392,0,0,0.0,0.0,0.0,88,0,0,0,0,392,0,0,0.0,0.0,0.0
primary,region,Chhattisgarh,14,0.03646666666666667,12,312,21,10,6,5,1621,55,11,6.730769230769231,3.392967304133251,78.57142857142857,312,22,13,6,3,1621,49,10,7.051282051282051,3.0228254164096238,71.42857142857143
primary,region,Delhi,103,0.283575,74,2474,141,82,13,46,12516,307,66,5.699272433306386,2.452860338766379,64.07766990291262,2474,126,75,24,27,12516,303,62,5.092966855295069,2.4209012464046022,60.19417475728155
primary,region,Goa,4,0.006091666666666666,2,53,3,1,1,1,264,7,3,5.660377358490566,2.6515151515151514,75.0,53,3,2,0,1,264,5,3,5.660377358490566,1.893939393939394,75.0
primary,region,Gujarat,83,0.20231666666666667,57,1764,107,57,10,40,8880,236,48,6.065759637188209,2.6576576576576576,57.83132530120482,1764,98,51,19,28,8880,235,44,5.555555555555555,2.6463963963963963,53.01204819277108
primary,region,Haryana,51,0.128025,35,1129,64,36,5,23,5803,153,34,5.66873339238264,2.636567292779597,66.66666666666667,1129,59,31,10,18,5803,136,29,5.225863596102746,2.3436153713596415,56.86274509803921
primary,region,Himachal Pradesh,15,0.039433333333333334,9,343,21,10,2,9,1656,51,10,6.122448979591836,3.079710144927536,66.66666666666667,343,19,8,4,7,1656,48,10,5.539358600583091,2.898550724637681,66.66666666666667
primary,region,Jammu and Kashmir,41,0.10120833333333334,27,892,56,29,9,18,4489,126,26,6.278026905829597,2.806861216306527,63.41463414634146,892,43,23,11,9,4489,101,25,4.820627802690583,2.2499443083092,60.97560975609756
primary,region,Jharkhand,62,0.18912500000000002,42,1657,104,63,7,34,8525,246,47,6.2764031382015695,2.8856304985337244,75.80645161290323,1657,107,69,12,26,8525,254,47,6.457453228726615,2.9794721407624634,75.80645161290323
primary,region,Karnataka,103,0.28606666666666664,73,2577,133,86,11,36,13056,319,68,5.161039968956151,2.4433210784313726,66.01941747572816,2577,130,80,22,28,13056,335,72,5.044625533566162,2.5658700980392157,69.90291262135922
primary,region,Kerala,73,0.208025,50,1882,103,50,15,38,9312,233,48,5.472901168969182,2.502147766323024,65.75342465753425,1882,96,52,18,26,9312,209,49,5.100956429330499,2.2444158075601375,67.12328767123287
primary,region,Ladakh,1,0.0007166666666666667,1,7,2,1,0,1,37,7,1,28.571428571428573,18.91891891891892,100.0,7,2,1,0,1,37,7,1,28.571428571428573,18.91891891891892,100.0
primary,region,Madhya Pradesh,91,0.231825,71,2010,150,81,29,40,10241,391,63,7.462686567164179,3.817986524753442,69.23076923076923,2010,145,79,34,32,10241,387,59,7.213930348258707,3.778927839078215,64.83516483516483
primary,region,Maharashtra,154,0.3816083333333333,117,3431,206,120,22,64,17238,419,91,6.004080443019528,2.430676412576865,59.09090909090909,3431,195,113,32,50,17238,392,88,5.683474205770913,2.2740457129597402,57.142857142857146
primary,region,Manipur,3,0.0029,3,27,1,1,0,0,117,3,1,3.7037037037037037,2.5641025641025643,33.333333333333336,27,1,1,0,0,117,3,1,3.7037037037037037,2.5641025641025643,33.333333333333336
primary,region,Meghalaya,1,0.0017166666666666667,1,14,2,1,0,1,70,1,1,14.285714285714286,1.4285714285714286,100.0,14,2,1,0,1,70,1,1,14.285714285714286,1.4285714285714286,100.0
primary,region,Odisha,38,0.10571666666666667,25,889,48,30,5,13,4685,121,27,5.399325084364454,2.582710779082177,71.05263157894737,889,42,28,10,4,4685,112,26,4.724409448818897,2.390608324439701,68.42105263157895
primary,region,Puducherry,4,0.011725000000000001,1,129,5,2,0,3,649,16,3,3.875968992248062,2.4653312788906008,75.0,129,5,3,0,2,649,16,3,3.875968992248062,2.4653312788906008,75.0
primary,region,Punjab,35,0.08936666666666668,20,818,44,27,7,10,4040,94,21,5.378973105134475,2.3267326732673266,60.0,818,37,22,7,8,4040,85,19,4.52322738386308,2.103960396039604,54.285714285714285
primary,region,Rajasthan,79,0.23595833333333335,49,2024,124,71,6,47,10148,282,62,6.126482213438735,2.778872684272763,78.48101265822785,2024,118,70,11,37,10148,266,59,5.830039525691699,2.621206148994876,74.68354430379746
primary,region,Tamil Nadu,83,0.23386666666666667,59,2205,155,76,21,58,10969,376,60,7.029478458049887,3.4278421004649466,72.28915662650603,2205,144,77,25,42,10969,355,61,6.530612244897959,3.236393472513447,73.49397590361446
primary,region,Telangana,229,0.6209916666666667,149,5478,330,186,40,104,28123,712,152,6.024096385542169,2.5317355900864063,66.37554585152839,5478,317,182,56,79,28123,712,149,5.786783497626871,2.5317355900864063,65.06550218340611
primary,region,Tripura,4,0.011266666666666668,2,109,7,6,1,0,541,13,4,6.422018348623853,2.402957486136784,100.0,109,4,4,0,0,541,7,3,3.669724770642202,1.2939001848428835,75.0
primary,region,Uttar Pradesh,244,0.6680083333333333,168,5754,356,164,54,138,29068,904,170,6.18700034758429,3.109949084904362,69.67213114754098,5754,295,156,47,92,29068,718,155,5.126868265554397,2.4700701802669602,63.52459016393443
primary,region,Uttarakhand,20,0.03885,15,351,22,13,0,9,1821,45,9,6.267806267806268,2.471169686985173,45.0,351,21,12,1,8,1821,45,9,5.982905982905983,2.471169686985173,45.0
primary,region,West Bengal,166,0.4648583333333333,108,3998,241,140,21,80,20436,505,113,6.0280140070035015,2.4711293795263263,68.07228915662651,3998,208,129,31,48,20436,444,103,5.2026013006503256,2.172636523781562,62.04819277108434
primary,accent,Indian English,2102,5.6243333333333325,1444,49454,3048,1673,340,1035,251135,7038,1412,6.163303271727262,2.802476755529894,67.17411988582303,49454,2799,1599,471,729,251135,6516,1343,5.659805071379464,2.5946204232783163,63.89153187440533
primary,duration_seconds,under_5,58720,38.56127036458333,1245,433783,87574,48658,23635,15281,2075116,264120,32865,20.188435231440604,12.727963159649871,55.96900544959128,433783,89888,48892,27543,13453,2075116,273490,33172,20.721881678166273,13.17950418193489,56.49182561307902
primary,duration_seconds,5_to_15,117046,327.35277572916664,2255,2903736,578135,353313,102029,122793,16433303,2073146,92179,19.910040031187407,12.615516186855436,78.75450677511405,2903736,560783,338035,108138,114610,16433303,2039118,92287,19.312465045031644,12.40844886752225,78.84677818977154
primary,duration_seconds,15_to_30,48290,234.4047187326389,121,1727923,583357,373792,87785,121780,10927527,2293558,46318,33.76059002629168,20.988811100626886,95.91633878649824,1727923,546765,345786,81849,119130,10927527,2194876,46046,31.642903069176114,20.08575224751218,95.35307517084283
primary,duration_seconds,30_and_over,0,,,,,,,,,,,,,,,,,,,,,,,,
coverage,lang,cs,1103,3.0604864409722223,,23909,2205,1261,607,337,156643,7385,727,9.222468526496298,4.714541984001839,65.91115140525838,23909,2145,1219,599,327,156643,7165,719,8.971517001965786,4.574095235663259,65.18585675430644
coverage,lang,da,54747,77.12340222222223,56,533543,162955,91739,63542,7674,2871005,479572,43601,30.542055654370877,16.703976482102956,79.6408935649442,533543,158956,89309,61332,8315,2871005,480579,43351,29.792537808574004,16.7390513078173,79.18424753867792
coverage,lang,es,1631,5.127244548611111,,48139,2648,1156,958,534,291334,10463,829,5.500737447807391,3.5914105459712906,50.827713059472714,48139,2624,1171,923,530,291334,10312,826,5.450881821392218,3.539580000961096,50.64377682403433
coverage,lang,hu,1076,3.249815329861111,,23343,3670,2576,688,406,171009,9664,936,15.722058004540976,5.651164558590484,86.98884758364312,23343,3578,2518,657,403,171009,9491,926,15.327935569549759,5.550000292382272,86.05947955390334
coverage,lang,nl,1230,2.7248325868055554,47,26367,2967,1485,927,555,162256,10249,895,11.252702241438161,6.316561483088453,72.76422764227642,26367,2931,1458,926,547,162256,10191,884,11.11616793719422,6.2808155014298395,71.869918699187
coverage,lang,pl,1691,4.950488454861111,,34744,2619,1325,695,599,254721,10689,884,7.5379921713101545,4.196356013049572,52.27675931401537,34744,2543,1304,664,575,254721,10154,875,7.319249366797145,3.9863222898779447,51.744529863985804
coverage,lang,ro,1418,4.4733996354166665,,40378,4944,3522,989,433,256901,12516,1152,12.244291445836842,4.87191564065535,81.24118476727786,40378,4777,3366,1006,405,256901,12388,1127,11.830699886076577,4.822091000035033,79.47813822284908
coverage,lang,ru,11811,12.521821163194444,,58776,2333,1908,162,263,383895,3694,1751,3.969307200217776,0.9622422797900467,14.8251629836593,58776,2356,1926,168,262,383895,3671,1757,4.008438818565401,0.9562510582320687,14.875963085259503
coverage,lang,sv,27638,37.90326388888889,,214871,49831,35799,10158,3874,1300129,178194,20055,23.19112397671161,13.705870725135737,72.56313770895144,214871,48740,33481,11832,3427,1300129,180760,18698,22.68337746834147,13.903235755836537,67.65323105868731
coverage,source,golos_crowd,9896,11.113865329861111,,50394,1725,1396,125,204,329900,2529,1304,3.4230265507798547,0.7665959381630797,13.177041228779304,50394,1755,1418,127,210,329900,2560,1317,3.4825574473151564,0.7759927250682025,13.308407437348423
coverage,source,golos_farfield,1915,1.4079558333333333,,8382,608,512,37,59,53995,1165,447,7.253638749701742,2.1576071858505417,23.342036553524803,8382,601,508,41,52,53995,1111,440,7.170126461465044,2.057597925733864,22.97650130548303
coverage,source,nst_da,54747,77.12340222222223,56,533543,162955,91739,63542,7674,2871005,479572,43601,30.542055654370877,16.703976482102956,79.6408935649442,533543,158956,89309,61332,8315,2871005,480579,43351,29.792537808574004,16.7390513078173,79.18424753867792
coverage,source,nst_sv,27638,37.90326388888889,,214871,49831,35799,10158,3874,1300129,178194,20055,23.19112397671161,13.705870725135737,72.56313770895144,214871,48740,33481,11832,3427,1300129,180760,18698,22.68337746834147,13.903235755836537,67.65323105868731
coverage,source,voxpopuli,8149,23.58626699652778,,196880,19053,11325,4864,2864,1292864,60966,5423,9.677468508736286,4.715577199148557,66.54804270462634,196880,18598,11036,4775,2787,1292864,59701,5357,9.44636326696465,4.617732414236919,65.73812737759235
coverage,gender,female,29204,44.7849340625,,317913,86788,47100,35416,4272,1768871,256534,22805,27.299292573754453,14.502696917977625,78.08861799753458,317913,83166,45555,33076,4535,1768871,254131,22629,26.159987166300215,14.366847554174386,77.48596082728393
coverage,gender,male,33692,55.92473515625,,412510,95220,55964,32990,6266,2394998,284004,26219,23.08307677389639,11.85821449537745,77.81966045352013,412510,94388,54790,33031,6567,2394998,286149,26079,22.881384693704394,11.947776156806812,77.40413154458031
coverage,accent,Fyn,5917,8.544813333333334,6,57649,16501,8961,6895,645,310041,48213,4530,28.623219830352653,15.550523962959737,76.55906709481155,57649,15974,8663,6591,720,310041,48505,4494,27.709066939582648,15.64470505513787,75.95065066756803
coverage,accent,None,8149,23.58626699652778,,196880,19053,11325,4864,2864,1292864,60966,5423,9.677468508736286,4.715577199148557,66.54804270462634,196880,18598,11036,4775,2787,1292864,59701,5357,9.44636326696465,4.617732414236919,65.73812737759235
coverage,accent,Nordjylland,5916,8.143706666666667,6,57661,17280,9954,6413,913,309492,51405,4716,29.96826277726713,16.609476173859097,79.71602434077079,57661,16594,9586,6041,967,309492,50779,4676,28.778550493401085,16.407209233195044,79.03989181879649
coverage,accent,Storkøbenhavn,19711,27.77645111111111,20,192031,58784,33285,22698,2801,1033813,173378,15737,30.611724148705157,16.77073126377788,79.83866876363452,192031,57669,32584,22046,3039,1033813,173961,15648,30.031088730465395,16.827124441267426,79.38714423418396
coverage,accent,Sønderjylland,5916,7.640984444444445,6,57479,16880,9592,6521,767,309385,52081,4668,29.367247168531115,16.83371850606849,78.90466531440163,57479,16413,9216,6368,829,309385,52232,4627,28.554776527079454,16.88252500929263,78.21162947937796
coverage,accent,Vest- og Sydsjælland,5915,9.244433333333333,6,57707,17784,9785,7234,765,310542,51026,4705,30.817751745888714,16.43127177644248,79.54353338968724,57707,17195,9458,6920,817,310542,50961,4660,29.797078344048384,16.41034063025291,78.78275570583263
coverage,accent,Vestjylland,4930,6.863033333333333,5,47987,14657,8245,5709,703,258891,42788,3902,30.543688915748014,16.527418875125054,79.14807302231237,47987,14201,8079,5362,760,258891,43129,3915,29.59343155437931,16.659134539246246,79.41176470588235
coverage,accent,Østjylland,6442,8.90998,7,63029,21069,11917,8072,1080,338841,60681,5343,33.42746989481032,17.908399514816683,82.9400807202732,63029,20910,11723,8004,1183,338841,61012,5331,33.175205064335465,18.006085450107868,82.75380316671841
coverage,duration_seconds,under_5,57353,54.49420897569444,,301943,95504,59338,29411,6755,1734398,337003,35513,31.62981092457848,19.430545930057576,61.9200390563702,301943,94417,57843,29338,7236,1734398,330456,34491,31.269809202399127,19.053066251229534,60.138092166059316
coverage,duration_seconds,5_to_15,43319,87.46005789930555,,630335,131178,77087,47476,6615,3636465,359802,33877,20.810838681018822,9.894279196967384,78.2035596389575,630335,126888,73680,46945,6263,3636465,368935,33234,20.13024820135325,10.14542969614722,76.71922251206168
coverage,duration_seconds,15_to_30,1634,8.788128107638888,,68597,7020,4005,1745,1270,455650,23486,1405,10.233683688791055,5.154394820585976,85.98531211750306,68597,6894,3902,1730,1262,455650,23270,1402,10.05000218668455,5.106990014265335,85.80171358629131
coverage,duration_seconds,30_and_over,39,0.39235928819444443,,3195,470,341,94,35,21380,2135,35,14.710485133020343,9.985968194574369,89.74358974358974,3195,451,327,94,30,21380,2050,36,14.115805946791863,9.588400374181479,92.3076923076923
followup,lang,el,230,0.11232479166666667,12,1131,1087,757,230,100,5811,4143,229,96.10963748894784,71.29581827568404,99.56521739130434,1131,1059,753,235,71,5811,4205,229,93.63395225464191,72.36276028222336,99.56521739130434
followup,lang,it,1257,4.457126510416667,,39676,4754,1620,2330,804,250418,21897,907,11.982054642605101,8.74417973148895,72.15592680986475,39676,4749,1629,2259,861,250418,21724,906,11.969452565782841,8.675095240757454,72.0763723150358
followup,source,lesbos,230,0.11232479166666667,12,1131,1087,757,230,100,5811,4143,229,96.10963748894784,71.29581827568404,99.56521739130434,1131,1059,753,235,71,5811,4205,229,93.63395225464191,72.36276028222336,99.56521739130434
followup,source,voxpopuli,1257,4.457126510416667,,39676,4754,1620,2330,804,250418,21897,907,11.982054642605101,8.74417973148895,72.15592680986475,39676,4749,1629,2259,861,250418,21724,906,11.969452565782841,8.675095240757454,72.0763723150358
followup,gender,female,413,1.4288866145833334,19,12906,1453,531,695,227,82027,6729,292,11.25832945916628,8.203396442634743,70.70217917675545,12906,1438,527,688,223,82027,6599,289,11.142104447543778,8.04491204115718,69.97578692493947
followup,gender,male,844,3.028239895833333,,26770,3301,1089,1635,577,168391,15168,615,12.33096750093388,9.007607294926688,72.86729857819905,26770,3311,1102,1571,638,168391,15125,617,12.368322749346284,8.982071488381209,73.10426540284361
followup,accent,None,1257,4.457126510416667,,39676,4754,1620,2330,804,250418,21897,907,11.982054642605101,8.74417973148895,72.15592680986475,39676,4749,1629,2259,861,250418,21724,906,11.969452565782841,8.675095240757454,72.0763723150358
followup,duration_seconds,under_5,389,0.25062234375,,2583,1460,859,488,113,14422,6057,310,56.52342237708091,41.99833587574539,79.69151670951157,2583,1453,856,499,98,14422,6182,311,56.252419667053815,42.86506725835529,79.94858611825192
followup,duration_seconds,5_to_15,638,1.7430575173611111,,16132,2052,712,1084,256,100734,9242,421,12.720059509050335,9.174658010205095,65.98746081504702,16132,2027,748,1007,272,100734,9004,423,12.56508802380362,8.938392201242877,66.30094043887148
followup,duration_seconds,15_to_30,449,2.4670134722222223,,21175,2235,767,957,511,135086,10358,394,10.554899645808737,7.667707978621027,87.75055679287306,21175,2239,738,957,544,135086,10389,390,10.57378984651712,7.690656322638912,86.8596881959911
followup,duration_seconds,30_and_over,11,0.10875796875,10,917,94,39,31,24,5987,383,11,10.25081788440567,6.397193920160348,100.0,917,89,40,31,18,5987,354,11,9.70556161395856,5.9128110906965095,100.0
